odberove_misto_id odberove_;misto;_nazev okres_nuts_kod operacni_status odberove_;misto;_adresa latitude longitude testovaci_kapacita nasofaryngealni_odber orofaryngealni_odber antigenni_odber drive_in
a81a99e2-90bd-494c-ae42-7090f93115ca ; NaŽádanku cz – Odběrové centrum Praha 15 (H  Měcholupy); CZ0100 1 ;Park na křižovatce ulic Ravennská a Milánská  Praha 15  109 00; 50 0444517 14 5585581 160 1 1 1 
f4d02b50-1561-4c7e-9cf4-8d85b2d985ea ; NaŽádanku cz – Odběrové centrum Praha 6 (Ruzyně); CZ0100 1 ;Drnovská 1112 60 161 00 Praha 6 - Ruzyně; 50 0918058 14 2991447 80 1 1 1 1
7fb0635b-c170-4c09-a235-b48119a25d9a ; Vyšetři mě – Odběrové centrum Kladno (OC Central); CZ0203 1 ;P  Bezruče 3388  272 01 Kladno; 50 1430953 14 1028781 480 1 1 1 
42c85d23-21e4-4fe9-baef-9ab06c0cbe6d ; Vyšetři mě – Odběrové centrum Praha 15 (H  Měcholupy); CZ0100 1 ;Park na křižovatce ulic Ravennská a Milánská  Praha 15  109 00; 50 0444946 14 5583959 672 1 1 1 
799d1d3b-2f0c-405f-a5bd-78d9359785c6 ; Vyšetři mě – Odběrové centrum Praha 21 (Újezd nad Lesy); CZ0100 1 ;Živonínská 1630  190 16 Praha 21; 50 0710144 14 6792358 336 1 1 1 
8b0a718c-6c88-4380-b39a-fb6c7b20df9e ; Vyšetři mě – Odběrové centrum Praha 4 (Nusle); CZ0100 1 ;Nuselská 24  140 00 Praha 4 - Nusle; 50 0627008 14 4437167 336 1 1 1 
4bf34117-aadf-400d-91ec-77dc8633874f ; Vyšetři mě – Odběrové centrum Praha 6 (Ruzyně); CZ0100 1 ;Drnovská 1112 60 161 00 Praha 6 - Ruzyně; 50 0921792 14 2998285 240 1 1 1 1
2e98d329-54ef-4d48-a3b5-adf8c8b7d910 ;A M test centrum  - odběrové místo Dobrovského Kyjov; CZ0645 1 ;Dobrovského 1368  697 01 Kyjov; 49 0103411 17 1265381 300 1  1 1
09023fd3-8d1c-40f0-9696-82b325d6a74d ;A M test centrum  - odběrové místo Seifertova Hodonín; CZ0645 1 ;Seifertova 3985 1  69501 Hodonín; 48 8551761 17 1094575 400 1  1 
e76ed75b-ed24-4f63-a591-92d9af2f0532 ;A M test centrum  - odběrové místo Stolářská Veselí nad Moravou; CZ0645 1 ;Stolářská 1758  69801 Veselí nad Moravou; 48 9509353 17 3847694 300 1  1 1
e3bc023c-27a1-496f-8a5c-665b0e103e60 ;AESKULAB - odběrové místo VIVO Hostivař; CZ0100 1 ;Praha 10  Švehlova 1391 32; 50 0537939 14 5166628 190 1  1 
4e6f8c5e-1b70-4289-a2ab-ae9065304eb5 ;AESKULAB Praha 6 - OM poliklinika DAM  Brixiho; CZ0100  ;Brixiho 1968 1  162 00 Praha 6 - Břevnov; 50 0900111 14 3578319 75 1  1 
5fe2de84-e229-4505-8cc3-4a7d11035228 ;AESKULAB Praha 8 - Mazurská; CZ0100 1 ;Mazurská 484 2  181 00 Praha 8 - Troja; 50 1267986 14 4155778 130 1  1 
c8986ef2-a361-4830-9fc2-c301cae6dc2a ;AESKULAB Praha Vajgarská; CZ0100  ;Vajgarská 1141  Praha 9; 50 1016111 14 5540425 0 1   
3960f5a9-8269-487c-8b93-f1fee91346ce ;AESKULAB Praha Čs exilu; CZ0100 1 ;Čs exilu 2175 36  Praha 12; 50 0050431 14 4163756 40 1   
c960ecdd-24e8-4b02-b996-d67b735d21b2 ;AESKULAB České Budějovice; CZ0311 1 ;Senovážné náměstí 231 7  České Budějovice; 48 9734850 14 4793167 88 1  1 
a7186ae0-fc69-4035-8505-db7eb4e72cf3 ;AG COVID POINT - odběrové místo OC Královo Pole; CZ0642  ;Cimburkova 593 4  612 00 Brno - Ponava; 49 2169217 16 6084875 370 1 1 1 
54ae7bd0-3790-4b16-b0e0-a05c487f4f4f ;AG Covidpoint - Benzina - Průhonice D1 - Pha; CZ0100  ;Benzina dálnice D1 směr Praha 149 00 Praha - Újezd; 50 0103275 14 5420769 370 1 1 1 
23ab953f-88a7-41d2-9931-abfdcdd03985 ;AG Covidpoint - Brno Globus; CZ0642  ;Hradecká 40; 49 2598950 16 5812011 370 1 1 1 
77fd260e-4765-4147-acfe-1a60a69ac13b ;AG Covidpoint - Brumlovka; CZ0100  ;Želetavská ul  Praha 4 - Michle; 50 0485050 14 4563825 370 1 1 1 
92fb5fab-7445-41a9-baa5-42fda666ec2d ;AG Covidpoint - EUROPARK Štěboholy; CZ0100  ;Nákupní 389 3 Praha10- Štěrboholy; 50 0722167 14 5436394 370 1 1 1 
c63857c0-50c0-4aae-944c-d31787fd193e ;AG Covidpoint - Havířov Globus; CZ0803  ;U Skleníků 1490 24  735 64 Havířov - Prostřední Suchá; 49 7916286 18 4405233 370 1 1 1 
e45380c8-3319-4af2-b80b-9a264699ea1e ;AG Covidpoint - Home Park Zličín; CZ0100  ;Skandinávská 131 1 155 00 Praha 5; 50 0509506 14 2978350 370 1 1 1 
fb85ae7f-a281-477e-b81f-467a432c8052 ;AG Covidpoint - Klatovy; CZ0322  ;Rozvoj 98  339 01 Klatovy V; 49 3957122 13 2998383 300 1 1 1 
71352457-fda3-4463-9f0a-f65cc50d013b ;AG Covidpoint - Metropole Zličín; CZ0100  ;Řevnická ul  155 00 Praha 5; 50 0530772 14 2899380 370 1 1 1 
53f38a3d-a3b6-4524-b769-b2e3c5bcaeef ;AG Covidpoint - Mladá Boleslav; CZ0207  ;Komenského náměstí 61  293 01 Mladá Boleslav I; 50 4123333 14 9035444 370 1 1 1 
16402727-26c3-4ae4-bf46-75b4f06a4bbb ;AG Covidpoint - Mladá Boleslav; CZ0207  ;Komenského nám 61 1 293 01 Mladá Boleslav; 50 2444600 14 5416700 200   1 
9ee060b8-d132-4deb-a09a-8d5cd0596db1 ;AG Covidpoint - OC Chodov; CZ0100  ;Roztylská ul  148 00 Praha11; 50 0300548 14 4917114 370 1 1 1 
91bd1e57-485e-4793-aa8d-cf37988df849 ;AG Covidpoint - OC Letňany - Tesco; CZ0100  ;Veselská 663 199 00 Praha 9; 50 1341969 14 4985997 370   1 
d6c96226-e0cc-449c-91f1-072e1582234b ;AG Covidpoint - OC Černý most; CZ0100  ;Chlumecká ul  Praha 9-Černý Most; 50 1070308 14 5872724 370   1 
d85305f7-d116-4a7e-b3ba-eea6fe9ad6ac ;AG Covidpoint - OC Šestka; CZ0100  ;Fajtlova1090 Praha 6 - Ruzyně; 50 0940622 14 2912836 370   1 
e33a4722-808e-438d-bd74-96e75009b1d2 ;AG Covidpoint - Ostrava Globus; CZ0806  ;Opavská 326 90 725 27 Ostrava Plesná; 49 8478456 18 1482667 330   1 
2fd4f085-c611-4a96-93fa-a64c5a55151f ;AG Covidpoint - České Budějovice Globus; CZ0311  ;České Vrbné 2327  370 11 České Budějovice 2; 49 0014072 14 4521917 300   1 
7c497088-5cd4-446c-9707-c520011b25b1 ;AG Point - odběrové místo Znojmo Brněnská; CZ0647  ;Brněnská 3360 19  669 02 Znojmo; 48 8463858 16 0693931 185 1  1 
785783ac-1168-4dcf-b28b-001efefc8a7b ;AG Point OC Olympia Brno; CZ0643  ;U Dálnice 777 664 42 Modřice; 49 1382360 16 6340340 370 1  1 
d002184e-3f7a-4176-a291-dee4aa31dd92 ;AGEL Hornická poliklinika  - odběrové místo Ostrava; CZ0806 1 ;Sokolská třída 2587 81  702 00 Ostrava - Moravská Ostrava; 49 8460583 18 2853503 400   1 
3ad3b310-6a64-4328-98d1-3e32b4d9d0de ;AGEL Středomoravská nemocniční   Nemocnice AGEL Prostějov; CZ0713 1 ;Mathonova 291 1  796 04 Prostějov; 49 4748511 17 0885236 40 1   
7a4693b3-1954-4584-95fe-20a182863f02 ;AGEL Středomoravská nemocniční   Nemocnice AGEL Přerov; CZ0714 1 ;Dvořákova 75  750 02 Přerov; 49 4564233 17 4726089 40 1   
d760e957-17fa-456c-b347-173ecd10f52c ;AGEL Středomoravská nemocniční   Nemocnice AGEL Šternberk; CZ0712 1 ;Jívavská 20  785 01 Šternberk; 49 7219678 17 2968650 40 1   
9ee85257-a417-4194-80c0-44797a267e70 ;AGEL hornická poliklinika  - odběrové místo Sokolská tř  Ostrava; CZ0806 1 ;Sokolská třída 2587 81  702 00 Ostrava; 49 8460583 18 2853503 200 1  1 
3ac1eeb5-21cf-4e3a-874e-772dacac8836 ;AKESO holding - OM Brno-Modřice; CZ0643  ;Svratecká 879  Modřice u Brna  664 42; 49 1335592 16 6343253 440 1  1 
3c58898a-034a-4056-80c6-d3f14748f54c ;AKESO holding - OM Chlumecká  Praha 9 - Černý Most (Sconto nábytek); CZ0100 1 ;Chlumecká 2420  Praha 9  Černý Most  198 29; 50 1112728 14 5838394 440   1 
bba214a6-62fc-414c-a473-8844e06110f5 ;AKESO holding - OM Grmelova - Ostrava; CZ0806  ;Grmelova 2033 4  Ostrava - Mariánské Hory  709 00; 49 8365250 18 2504342 440   1 
2f2efdc8-63ea-4ab1-b6cd-9f39896ee2d8 ;AKESO holding - OM Jeremiášova  Praha 5 - Stodůlky; CZ0100 1 ;Jeremiášova 947 16  155 00 Praha 5 - Stodůlky; 50 0553869 14 3105781 440 1  1 
67e440c9-bf48-495a-a3df-8396679401e6 ;AKESO holding - OM Kyjevská  Pardubice; CZ0532 1 ;Kyjevská 44  53203 Pardubice; 50 0283775 15 7903178 300   1 
8c49206d-ff94-4183-a1eb-df190d9f345b ;AKESO holding - OM Seydlerova  Praha 5 - Nové Butovice (Poliklinika Lípa); CZ0100 1 ;Seydlerova 2451  158 00 Praha 5 - Stodůlky; 50 0506300 14 3473500 440   1 
0d6a6d59-1ae7-43d8-8dc1-a8ecbb8a425c ;AKESO holding - OM Stroupežnického  Praha 5 - Anděl; CZ0100 1 ;Stroupežnického 3181 21  150 00 Praha 5 - Smíchov; 50 0714910 14 4026425 440   1 
49ad8251-5330-4298-b39e-92c7cdcf56c3 ;AKESO holding - OM Tyršovo nábřeží  Zlín; CZ0724  ;Tyršovo nábřeží 5496  760 01 Zlín; 49 2294975 17 6621192 510   1 
ea992325-3efa-48d9-898e-933ee2be052d ;AKESO holding - OM Univerzitní  Plzeň - Skvrňany (Hotel Ibis); CZ0323 1 ;Univerzitní 65  301 00 Plzeň 3; 49 7250439 13 3271497 440   1 
755322f8-8f3d-4048-94d6-d01a39701638 ;AKESO holding - OM Vladivostocká  Praha 10 - Vršovice (Iris Hotel Eden); CZ0100 1 ;Vladivostocká 1539  100 00 Praha 10-Vršovice; 50 0683464 14 4719111 440   1 
467d3d8b-1647-4871-b9da-0421d085a61f ;AM Medica - odběrové místo Frýdek-Místek; CZ0802 1 ;Ostravská 1551  738 01 Frýdek-Místek; 49 6744519 18 3409464 400 1 1 1 
911a5419-a256-4e53-9b15-ac5fe71bae27 ;AM Medica - odběrové místo Havířov; CZ0803 1 ;Dělnická 1543  736 01 Havířov; 49 7816800 18 4316264 400 1 1 1 
b32c2f0f-3f54-4b89-be12-835dd3eb6fb3 ;AM Medica - odběrové místo Český Těšín; CZ0803 1 ;Hlavní třída 32 31  737 01 Český Těšín; 49 7463167 18 6227617 400 1 1 1 
5ce4027f-303f-490c-82c8-d6dffb939a35 ;AOC Plzeň Globus Chotíkov; CZ0323  ;Chotíkov 385  Chotíkov u Plzně; 49 7776175 13 3486983 690   1 
190e9e2c-c91d-4104-bb7e-5d7c3d702e85 ;ATODA Medical  Praha 7 - odběrové místo; CZ0100  ;Nové náměstí 1251 2  104 00 Praha 22 - Uhříněves; 50 0326306 14 5983153 0   1 
5ecf72d5-b142-4aa6-aeef-0a93fd9370df ;AURUM CLINIC  - odběrové místo Zborovská; CZ0100 1 ;Zborovská 79 56  150 00 Praha 5 - Malá Strana; 50 0799708 14 4071431 500 1  1 
3ee7f8f8-e032-4735-9834-4888a2910281 ;AZFyzio  - odběrové místo Machova Praha Chodov; CZ0100 1 ;Machkova 1642 2  149 00 Praha 11 - Chodov; 50 0326878 14 5132733 1000 1  1 
26d2cf2b-496a-4175-872e-80718993b565 ;AZITA  - odběrové místo Praha 10 Plaňanská; CZ0100 1 ;Plaňanská 573 1; 50 0802200 14 5012344 50   1 
672c2ea0-3b68-40cf-bb49-8b44e4eda8a1 ;AeskuLab Louny; CZ0424 1 ;Louny  Pod nemocnicí 2503; 50 3499028 13 8082453 60 1 1 1 
bbeeefc5-5529-4f98-a8d4-1b6f49323ccd ;AeskuLab Teplice; CZ0426  ;Teplice  Duchcovská 53; 50 6365694 13 8108558 80 1  1 
76bfd7af-1f98-4e99-a0cd-e64f446a1ad8 ;Ag a PCR odběrové místo Brno - Veselá 5; CZ0642  ;Veselá 5  60200 Brno; 49 1946056 16 6065753 200 1 1 1 
75383749-50c6-4539-aaea-dba1c3ca3bfd ;Alergologie BN Trutnov - odběrové místo Podléšková Zahradní Město; CZ0100 1 ;Podléšková 2336 2  106 00  Praha 10; 50 0601294 14 4996956 80 1   
e196c1b7-5689-4efd-8767-983c56705387 ;Ambulance Pacanovský  - odběrové místo Ostrava Poruba; CZ0806 1 ;Hlavní třída 1023 55  Ostrava - Poruba; 49 8275022 18 1752186 200 1  1 
4460862b-9dd1-4b29-91b5-ebebdb3e7201 ;Antigenní Odběrové Centrum CHARITY ZÁBŘEH; CZ0715 1 ;Valová 2357 8  789 01 Zábřeh; 49 8838119 16 8742975 120   1 
16b57b42-82f4-489a-8b28-a409081084b5 ;Antigenní testy pro zaměstnance správy FN HK; CZ0521  ;Sokolská 581  500 03 Hradec Králové - Nový Hradec Králové; 50 2003986 15 8269367 0   1 
52e94722-99c9-40ec-913b-99b89359a97a ;Aquapark Uherské Hradiště; CZ0722  ;Sportovní 1214  686 01 Uherské Hradiště; 49 0670408 17 4729561 300 1  1 
cdc44ae3-297d-4c59-837d-408a5a65dcfc ;B-smiledent  - odběrové místo Dobřichovice; CZ020A 1 ;Tyršova 112 112  252 29 Dobřichovice; 49 9269720 14 2876840 0   1 
38e949de-cae0-4d52-be44-22dbc89aca71 ;B-smiledent  - odběrové místo Mladá Boleslav; CZ0207 1 ;Husova 192 13  293 01 Mladá Boleslav II; 50 4166208 14 9078689 0   1 
2b126047-3c57-4e37-9cf4-60cdee9d9ea4 ;BENEDOR  - odběrové místo Ostrava Poruba; CZ0806 1 ;Opavská 6117 51  708 00 Ostrava - Poruba; 49 8320553 18 1767714 0 1   
f5389631-dadb-4061-89f8-9112b57abaa6 ;BEZ KAZU ; CZ0641  ;Blansko  Okružní 2; 49 3728000 16 6505644 200 1  1 
e0dcf70a-9246-4094-b460-fc3673322183 ;BEZ KAZU  - mobilní odběrové místo BRNO - Líšeň; CZ0642  ;Jírova 2609 2  628 00 Brno - Líšeň; 49 2079389 16 6860453 200 1  1 
1c021d39-3101-4983-bc96-a562412e0480 ;BEZ KAZU  - mobilní odběrové místo Rosice; CZ0643  ;Brněnská 1343  665 01 Rosice; 49 1841592 16 4054017 200 1  1 
9045dabc-a196-4806-8f9c-40e024f3907c ;BEZ KAZU  - mobilní odběrový tým Blansko;      100 1  1 
6fd41ac6-467c-46d4-a5db-1883f8a1bdb9 ;Bačkovský  - odběrové místo Chlumec nad Cidlinou; CZ0521 1 ;Parkoviště Kozelkova vila  Chlumec nad Cidlinou; 50 1559864 15 4595994 72 1  1 
f65d303b-2cb4-464d-8454-d491747046ad ;Bioinova  ; CZ0100  ;Vídeňská 1083  142 20  Praha 4 - Krč; 50 0172242 14 4658303 100    1
f338d743-b013-4878-a5d7-f9cd5ee7d562 ;Bioptická laboratoř ; CZ0323 1 ;Rejskova 10  326 00 Plzeň; 49 7410781 13 3876475 1000 1  1 
d4327480-4ee5-4ffe-8991-e788114841b3 ;Bohumínská městská nemocnice  ; CZ0803 1 ;Slezská 207  735 81 Bohumín – Starý Bohumín; 49 9179383 18 3354442 50 1   1
2a479c5c-7a9a-4c1a-ba15-047afb9373e9 ;Booster event  - odběrové místo poliklinika Štěchovická; CZ0100 1 ;Štěchovická 1983 8  Praha; 50 0718728 14 5037278 150 1  1 
9c78095e-a853-4fc5-8697-a69d5bb94e2f ;Bílovecká nemocnice  ; CZ0804  ;17  listopadu 538 57 743 01  Bílovec; 49 7620964 18 0172797 100    1
a01455ef-1edc-489d-9f96-5d8a373014b4 ;CGB laboratoř  - odběrové místo Hlučín Hornická 3; CZ0805 1 ;Hornická 3  748 01 Hlučín; 49 9039003 18 1919328 200 1 1 1 
d03ee7ee-42d4-4538-86e5-b1a38b689cec ;CGB laboratoř  - odběrové místo Ostrava Opavská; CZ0806 1 ;Opavská 962 39; 49 8314431 18 1783136 500 1 1 1 
5d40c2ac-e22b-4065-a494-a4606df2ff97 ;CITYLAB  - Poliklinika Medicentrum MÁJ 5 patro; CZ0311 1 ;Dr  Bureše 1251 9a  37005 České Budějovice; 48 9881236 14 4406361 100 1 1 1 
5685b1d3-b298-4967-a3ff-c605bbf4680c ;CITYLAB  - Sezimovo Ústí; CZ0317 1 ;Nerudova 615 2  Sezimovo Ústí 2; 49 3774081 14 7014092 80 1 1 1 
3107bd36-1e4d-4d13-a13a-c2e5fa6244c8 ;CITYLAB  - mobilní odběrové místo České Budějovice; CZ0324 1 ;Jihočeský kraj;   100 1 1 1 
7db80469-3092-4efe-a372-7e3e1ee5e53a ;CITYLAB   - odběrové místo Benátky nad Jizerou; CZ0207 1 ;Náměstí 17  listopadu 703  Benátky nad Jizerou; 50 2867800 14 8374800 80 1  1 
45462d0a-9987-46da-8a1b-27358eab6bfa ;CITYLAB   - odběrové místo Kolín; CZ0204  ;V Břízách 478; 50 0257383 15 1921917 100 1  1 
a36615d1-937f-4232-98f7-cd9cfadffde9 ;CITYLAB   - odběrové místo Kutná Hora Čáslavská; CZ0205  ;Pobřežní 194  28401 Kutná Hora - Karlov; 49 9450722 15 2755117 80 1  1 
2f5a7c6b-01cf-4665-b99c-4ef09779f3e2 ;CITYLAB   - odběrové místo Milevsko; CZ0314 1 ;Kpt  Nálepky 1549  399 01 Milevsko; 49 4428181 14 3648250 80 1  1 
1b8b0f63-2bfd-49a3-bffc-1ed84246dfe3 ;CITYLAB   - odběrové místo Mnichovo Hradiště; CZ0207 1 ;Sokolovská 322  Mnichovo Hradiště; 50 5248589 14 9761806 80 1  1 
3cae800b-8074-4968-a152-de24ce830888 ;CITYLAB   - odběrové místo mobilní poradna Praha; CZ0100 1 ;území hlavního města Prahy;   200 1  1 
22660e1b-ec1f-416b-ab09-18d82a108425 ;CITYLAB   - odběrové místo Říčany; CZ0209 1 ;Masarykovo nám  83 1  251 01 Říčany; 49 9919000 14 6568000 120 1  1 
555d9610-fc40-4784-a751-d360b484b02a ;CODUM  - odběrové místo poliklinika Modřany; CZ0100 1 ;Soukalova 3355 3  143 00 Praha 12 - Modřany; 50 0058683 14 4142556 100   1 
d5a1375b-ecc4-4e52-9ea3-46e409c39daa ;COP Plus  - odběrové místo Charvátova Praha 1; CZ0100 1 ;Charvátova 10  110 00 Praha 1; 50 0822939 14 4207125 0 1  1 
139bb40d-88e2-44ec-ba32-b1b7b15bcdf9 ;COP Plus  - odběrové místo Kobylisy Klapkova; CZ0100 1 ;Klapkova 3 26  182 00 Praha 8 - Kobylisy; 50 1236311 14 4553878 200   1 
6ab08a44-6c28-4dbe-a4d3-77dcdf27167f ;COP Plus  - odběrové místo Tuchoměřice; CZ020A  ;Ke Kopanině 421  252 67 Tuchoměřice; 50 1264075 14 2807264 800   1 
18ab63d7-7d97-4e1d-8bda-9c41d1b06ee2 ;COVID SPOT - odběrové místo CTP Ponávka Škrobárenská Brno; CZ0642 1 ;Škrobárenská 506 2  617 00 Brno - Trnitá; 49 1864058 16 6247572 500 1  1 
8a77492c-35ce-408f-b225-5a5608fbfcd1 ;COVID SPOT - odběrové místo CTP Spielberk Holandská Brno; CZ0642 1 ;Holandská 878 2  639 00 Brno - Štýřice; 49 1802669 16 6057336 500 1  1 
8fbe1aec-3aaf-4db2-877e-fe38becdbddf ;COVID SPOT - odběrové místo CTP Vlněna Přízova Brno; CZ0642 1 ;Přízova 537 1  602 00 Brno - Trnitá; 49 1904164 16 6167950 500 1  1 
fdc6d05d-7375-407f-8765-d7ffce79f153 ;COVID SPOT - odběrové místo Campus Bohunice Brno; CZ0642 1 ;Kamenice 753 5  625 00 Brno - Bohunice; 49 1770675 16 5701253 500 1  1 
1b00d24b-b3aa-421c-9a20-534c5fe0234a ;COVID SPOT - odběrové místo Kubíčkova Brno; CZ0642 1 ;Kubíčkova 1115 8  635 00 Brno - Bystrc; 49 2212403 16 5180706 500 1  1 
43425c1c-4c61-4e26-a41c-d006894231e9 ;COVID SPOT - odběrové místo OC Futurum Vídeňská Brno; CZ0642 1 ;Vídeňská 132 100  619 00 Brno - Dolní Heršpice; 49 1558761 16 5977750 500 1  1 
076a06d4-d1bc-44c0-8a5c-b357bbda1af0 ;COVID SPOT - odběrové místo Tyršova Kuřim; CZ0643 1 ;Tyršova 2048 43  664 34 Kuřim; 49 2969050 16 5492647 500 1  1 
acd52aef-c001-406f-a5f2-ba4e9f57b826 ;COVID TEST BSH - odběrové místo Kvítkovická Napajedla; CZ0724 1 ;Kvítkovická 1386  763 61 Napajedla; 49 1911903 17 5277936 250 1  1 
6727b800-da42-4fbf-8523-321e4ea19ae3 ;COVID TEST BSH - odběrové místo Tyršovo nábř  Zlín Čepkov; CZ0724 1 ;Tyršovo nábř  5496 760 01 Zlín - Čepkov; 49 2294975 17 6621192 250 1  1 
6ee89de5-54dc-485c-9377-438d6739d569 ;COVID TEST BSH - odběrové místo U Tescomy Zlín; CZ0724 1 ;U Tescomy 131 760 01 Zlín; 49 2240408 17 7230372 250 1  1 
7cc1286a-37ac-402c-9571-990e2890bd12 ;COVID TEST BSH - odběrové místo náevm  Dr  Beneše Holešov; CZ0721 1 ;nám  Dr  E  Beneše 13 48  769 01 Holešov; 49 3333675 17 5786047 250 1  1 
b5e6c605-53b9-4066-9c96-2f6adca4779f ;COVID TEST Zlín - odběrové místo Holešov; CZ0724 1 ;nám  Dr  E  Beneše 13; 49 3318958 17 5787331 120 1  1 
8d90015d-8de7-411c-badb-fc7687c28896 ;COVID TEST Zlín - odběrové místo Napajedla; CZ0724 1 ;Kvítkovická 1386  areál Agropodnik   763 61 Napajedla; 49 1911903 17 5277936 120   1 1
12c41f44-984e-47c2-b007-c8d660d305e6 ;COVID TEST Zlín - odběrové místo Tyršovo nábřeží; CZ0724 1 ;Tyršovo nábřeží 5496  760 01 Zlín; 49 2291425 17 6602572 120 1  1 
ce91854e-6550-44c3-b641-a4792c833b9e ;COVID TEST Zlín - odběrové místo U Tescomy; CZ0724 1 ;U Tescomy 131 76001 Zlín; 49 2240408 17 7230372 120 1  1 
168064b1-6b72-47bb-80ae-24e1230bd0dd ;CTCenter MaVE ; CZ0712  ;Na Šibeníku 914 1  Olomouc 779 00; 49 5972683 17 2364047 10    
106054ac-4939-403b-b983-c88964327a4d ;Centrum pro rodinu PSS a klinické adiktologie z ú  - odběrové místo Kateřinská; CZ0100 1 ;Kateřinská 34  Praha 2  120 00; 50 0745381 14 4274169 0   1 
99a45b29-0787-4e1d-9f8c-6ff118042d5c ;Centrum zdravotnického zabezpečení sportovní reprezentace - OM Dolní Chabry; CZ0100  ;Dvorní 1211 1a  184 00 Praha-Dolní Chabry; 50 1476489 14 4468853 0   1 1
f6f6b3b0-360b-40de-bf60-78beb7813464 ;Centrum zdravotnického zabezpečení sportovní reprezentace OM Strahov; CZ0100 1 ;Vaníčkova ulice  Praha 6  Velký strahovský stadion; 50 0802650 14 3900014 500 1  1 
f17b183e-2b3f-43d8-b370-9e945174911c ;Charita Vlašim; CZ0201 1 ;Nádražní 347 Vlašim; 49 7006492 14 8975142 250 1 1 1 1
ef50331c-7422-4d36-90a1-a72673d855b5 ;Charita Zlín - odběrové místo; CZ0724  ;třída Tomáše Bati 204  760 01 Zlín; 49 2251697 17 6656944 0   1 
088baba9-49f9-49d4-b660-6e3687bf47f0 ;Chrudimská nemocnice  NPK   ; CZ0531 1 ;Václavská 570  537 27 Chrudim; 49 9419936 15 8064839 200 1  1 
870eb4b6-cd8c-4328-9283-5ce418de6996 ;Citylab   - Poliklinika Stodůlky; CZ0100 1 ;Hostinského 1533  Praha 13; 50 0462122 14 3149161 60 1  1 
25e371dc-9af4-4de1-bb3a-be0d55b39438 ;Citylab  -  Hostivice; CZ020A  ;Husovo náměstí 59  Hostivice; 50 0807336 14 2574936 50 1  1 1
36e18b1d-acce-4f19-891b-f15ffe082c65 ;Citylab  - Poliklinika Michnova; CZ0100  ;Michnova 1622  Praha 4; 50 0313361 14 5206247 50 1  1 
a9b735bb-9831-4604-98b7-3383b27415da ;Citylab  - Uhříněves; CZ0100  ;Peceradská 10A  Praha 10 - Uhříněves; 50 0294417 14 6001378 100 1   
2494ec4c-8f5b-4cb5-839b-021e01d7f555 ;Covid - Neratovice; CZ0206 1 ;Náměstí Republiky  277 11 Neratovice; 50 2583314 14 5176575 250 1 1 1 
93bfdd12-6252-4199-8910-ff4265782743 ;Covid Spot  Kolejní  612 00 Brno - Královo Pole; CZ0642 1 ;Kolejní  612 00 Brno - Královo Pole  zastávka   Podnikatelská  ; 49 2279690 16 5755360 1000 1  1 
f05668a2-29fe-4c96-80da-e5dc563304f6 Covid-Prosek CZ0100 1 ;Kytlická 758 21  19000 Praha 9 - Prosek; 50 1259461 14 5050239 200 1 1 1 
eb2cf89b-cebb-436b-b077-237bd99fd222 ;CovidPoint® ČSAP z s  - Praha 8  Karlín; CZ0100 1 ;Malého 282 3  Praha 8; 50 0895008 14 4440450 1834 1 1 1 
3cbd7d60-459b-4967-9e95-b722c29d2589 ;Cytogenetická laboratoř Brno  ; CZ0642 1 ;Veveří 39  602 00 Brno; 49 2017253 16 5986119 50   1 
18ec1178-b99c-437b-a79c-a44c5cb50fd6 ;DZS Přeštice  - odběrové místo; CZ0324 1 ;Sedláčkova 553  334 01 Přeštice; 49 5733014 13 3251628 0   1 
d675d47b-78c8-40eb-85f9-c6f05a75f1e9 ;Domažlická nemocnice  ; CZ0321 1 ;Kozinova 292  344 01 Domažlice; 49 4380530 12 9079180 120 1   1
62039ce3-34cd-4c61-b5b8-575a302357fb ;Dopravní a záchranná služba ; CZ0323  ;Wenzigova 340 11  301 00 Plzeň 3 - Východní Předměstí; 49 7457797 13 3899411 200   1 
06612a1a-ef79-464b-9984-ad728ae35fb8 ;Dopravní zdravotnictví   Poliklinika AGEL Olomouc; CZ0712  ;Jermenkova 1056 40  772 52 Olomouc; 49 5916508 17 2763164 200    
c7162021-8d24-4c8d-9f07-2eaa926ee880 ;Dopravní zdravotnictví   Poliklinika AGEL Plzeň; CZ0323 1 ;Švihovská 14  Plzeň; 49 7458553 13 3935442 30 1  1 
d91a2948-366c-40d2-a593-3358b8504f7b ;Dopravní zdravotnictví   Poliklinika AGEL Praha; CZ0100 1 ;Italská 560 37  121 43  Praha 2; 50 0805722 14 4379836 200 1   
7a1801e7-f06a-4ec3-9227-81e44bbd1bbc ;Dopravní zdravotnictví   Poliklinika AGEL Praha - Mobilní odběrový tým; CZ0100  ;Italská 560 37  Praha 2; 50 0805722 14 4379836 200 1  1 
51aee691-f4b9-4520-9caa-5a31f7b72416 ;Dopravní záchranná služba s r o - odběrové místo Plzeň; CZ0323 1 ;Wenzigova 340 11  Plzeň 301 00; 49 7457797 13 3899411 300   1 
f527ce85-caf0-4905-bcde-34afafc29b35 ;Drive-IN - Hola Biolabs - Heršpická 758 13; CZ0642 1 ;Heršpická 758 13  619 00 Brno - Štýřice; 49 1692386 16 6002650 200 1   1
3950fdb3-ae84-4e93-952e-4f19badc38f3 ;Dětská ambulance  Soukalova 3355 3  Praha 12; CZ0100 1 ;Soukalova 3355 3  143 00 Praha 12 - Modřany; 50 0058683 14 4142556 10 1   
e02eb5cd-1a90-4f68-8a1b-51c1c290fecd ;ELECTROLYTE  - Jaroměř; CZ0523  ;Hradecká 161  551 01 Jaroměř; 50 3460617 15 9090317 1000 1 1 1 
adecb42d-54fb-47f2-a3a9-f20ba8aaee26 ;ELECTROLYTE  - Kolín OC Futurum; CZ0204  ;Rorejcova 906  280 02 Kolín; 50 0257083 15 2093267 500   1 
cf8caad3-c942-4193-a8e8-d389896bdb03 ;ELECTROLYTE  - Rokycany; CZ0326  ;Masarykovo náměstí 88  337 01 Rokycany; 49 7426147 13 5967003 200    
03859203-e636-464c-beba-939627526fe6 ;ELECTROLYTE  - Tachov; CZ0327  ;náměstí Republiky 1554  347 01 Tachov; 49 7947531 12 6325400 100   1 
007bac84-39af-4e8d-acdf-69faee8ba5fd ;ELECTROLYTE  - odběrové místo Akademika Bedrny Hradec Králové; CZ0521  ;Akademika Bedrny 383  500 03 Hradec Králové; 50 2183094 15 8325333 1000  1 1 
39266d51-c2f4-4cf4-9c5f-264bf63968ae ;ELECTROLYTE  - odběrové místo Hlavní nádraží Praha; CZ0100  ;Wilsonova 300 8  120 00 Vinohrady; 49 9161283 14 2395500 2000   1 
9df79c4f-4356-4acc-9106-087833a8c1b6 ;ELECTROLYTE  - odběrové místo KV Aréna; CZ0412  ;Západní 1812  360 01 Karlovy Vary; 50 2239856 12 8443289 500   1 
0ce915b0-395b-4dee-a338-d2b050996202 ;ELECTROLYTE  - odběrové místo Karlovy Vary; CZ0412  ;T  G  Masaryka 43 53; 50 2299756 12 8684633 200   1 
7e6a709e-49e5-4181-a32b-ec9505e6111a ;ELECTROLYTE  - odběrové místo Katovická Strakonice; CZ0316  ;Katovická 1303  386 01 Strakonice; 49 2635742 13 8932944 500 1  1 
0d046652-69ff-4212-a50b-7b14377bb03e ;ELECTROLYTE  - odběrové místo Nový Bydžov; CZ0521  ;Dr  M  Horákové 1568  504 01 Nový Bydžov; 50 2443669 15 4866758 200   1 
20613fd0-cfe4-416b-bfb7-6b252e6d5512 ;ELECTROLYTE  - odběrové místo Ostrava OC Futurum; CZ0806  ;Novinářská 3178 6; 49 8327336 18 2641572 450   1 
8f7b087c-9225-4658-ba47-4da2e60af61d ;ELECTROLYTE  - odběrové místo Revoluční Dvůr Králové nad Labem; CZ0525  ;Revoluční 66  Dvůr Králové nad Labem  544 01; 50 4305514 15 8134325 600   1 
c64d9822-fbef-4885-9897-60adf820e55f ;ELECTROLYTE  - odběrové místo Sladkovského Pardubice; CZ0532  ;Sladkovského 458  530 02 Pardubice; 50 0337614 15 7746544 1000  1 1 
97ab61c1-640d-49bb-928f-0c1b69906339 ;ELECTROLYTE  - odběrové místo Trutnov; CZ0525  ;Svatojánské náměstí Horská; 50 5614081 15 9109681 1100   1 
61dc5b01-a279-4f93-b017-b8d0c1713f05 ;ELECTROLYTE  - odběrové místo Volgogradská Tábor; CZ0317  ;Volgogradská 2972  390 05 Tábor; 49 3936208 14 6878439 500 1  1 
92dad760-90e0-4c7f-8769-a2ea26e14ae8 ;ELECTROLYTE  - odběrové místo Výškovická Ostrava Zábřeh; CZ0806  ;Výškovická 46 3121  700 30 Ostrava; 49 7989167 18 2297433 450   1 
364884a7-37ba-4f05-a4dd-f214402e4640 ;ELECTROLYTE  - odběrové místo nám  T G Masaryka Poděbrady; CZ0208  ;nám  T  G  Masaryka  290 01 Poděbrady; 50 1480753 15 1211303 200 1  1 
dd36adc4-50c2-4c7d-a8f3-aa847584c332 ;ELECTROLYTE  - odběrové místo Ústí nad Labem Krušnohorská; CZ0427  ;Krušnohorská 3371 2  40011 Ústí nad Labem - Severní Terasa; 50 6778200 14 0366708 1000   1 
d3ef7feb-f132-4a63-83fd-933e45a2d122 ;ELECTROLYTE  - odběrové místo Želivského Bílina; CZ0426  ;Želivského 51  418 01Bílina; 50 5490100 13 7745617 200 1  1 
a9eac7a6-f637-46d5-8eca-6c1c96276ba8 ;ELECTROLYTE  – odběrové místo Plzeň; CZ0323  ;Americká 90 11  Plzeň; 49 7439114 13 3740511 200 1  1 
b4f471e1-7a52-47db-b9d1-cfa736df6ffb ;ELISABETH PHARMACON   ; CZ0642 1 ;Rokycanova 4437 5  615 00 Brno-Židenice; 49 2005653 16 6407833 2050  1 1 
b9aab6c9-42bf-4a89-93b4-fb8dcd1d8d28 ;EMA Emergency  - odběrové místo Jeseník; CZ0711  ;Zámecké nám  921 5  790 01 Jeseník; 50 2305058 17 2076831 100    
5a1d0419-8b22-4c61-9ff4-52751b4ee02f ;EMA Emergency  - odběrové místo Olomouc Šantovka; CZ0712  ;Polská 1201 1  779 00 Olomouc; 49 5874261 17 2579194 0    
533d9924-e168-4da4-a442-0aaf85955736 ;EMA Emergency  - OC Centro Zlín-Malenovice; CZ0724  ;3 května 1170   76302 Zlín 4 -Malenovice; 49 2047183 17 5723225 250   1 
feeffab8-0292-460c-8715-5b390e4a5013 ;EUC Klinika Liberec  - odběrové místo; CZ0513 1 ;Klášterní 117 2  460 05 Liberec V-Kristiánov; 50 7685825 15 0665256 50 1  1 
9166bc1c-e787-46dc-bfdf-8de9869e4371 ;EUC Klinika Plzeň; CZ0323 1 ;Denisovo nábřeží 1000 4  301 00 Plzeň 3; 49 7450789 13 3830597 80 1  1 1
5ff0bd2f-129b-439b-bb4e-dcb98049fd75 ;EUC Laboratoře -  poliklinika České Budějovice; CZ0311 1 ;Matice školské 1786 17  České Budějovice; 48 9666044 14 4760956 200 1  1 
61b0a5a6-deab-4985-b7dd-f6ea8c624061 ;EUC Laboratoře - odběrové místo Sportcentrum Vysoké Mýto; CZ0534 1 ;Jiráskova 111  566 01 Vysoké Mýto; 49 9495042 16 1557247 200 1  1 
2824c268-029c-4718-891d-82ab1a58c7a0 ;EUC Laboratoře Praha Kartouzská; CZ0100 1 ;Kartouzská 204 6 Praha 5; 50 0742825 14 4015444 200 1  1 
e150ce66-34e6-427b-a27a-ca1cbfd2ff81 ;EUC Laboratoře Praha Veleslavín; CZ0100 1 ;Veleslavínská 1 30  162 00 Praha 6; 50 0932769 14 3508769 500 1  1 1
088efe18-38e2-4880-a610-412be25308d3 ;EUC Laboratoře  - odběrové místo Praha Bohdalec; CZ0100  ;Nad Vršovskou horou; 50 0615628 14 4735772 200 1  1 
4b5455a2-d0f9-434d-8550-e88fbf94ca45 ;EUC Laboratoře  Horní Počernice - odběrové místo; CZ0100 1 ;Palackého 720 5; 50 1142944 14 6072056 200 1  1 
2874f3e2-9c79-4199-a069-3d9447b8b6cd ;EUC klinika - Huťská Kladno; CZ0203 1 ;Huťská 211  272 80 Kladno; 50 1485258 14 1066928 40 1  1 
297828ac-334d-4896-a368-53a88841ac38 ;EUC klinika - odběrové místo Masarykova Ústí nad Labem; CZ0427 1 ;Masarykova 2000 92  400 01 Ústí nad Labem; 50 6676786 14 0290669 150 1  1 
99192ad5-cdf0-45d5-be74-9816dc239f04 ;EUC klinika - odběrové místo Plaňanská; CZ0100  ;Plaňanská 573 1 108 00 Praha 10; 50 0802200 14 5012344 50 1  1 
c66e5d2d-2855-499e-ac20-3b301c06342d ;EUC klinika Ostrava  pouze Ag; CZ0806 1 ;Opavská 962 39  Ostrava; 49 8314431 18 1783136 0   1 
5b067b53-ee74-4b1a-a359-94a4b13fce31 ;EUC klinika Zlín - odběrové místo Tř  T  Bati Zlín; CZ0724 1 ;třída Tomáše Bati 5135  760 01 Zlín; 49 2226092 17 6570236 50 1   
1ed509e4-9612-4e19-b980-bfd97d55f14c ;EUC laboratoře - Poliklinika Šustova; CZ0100 1 ;Šustova 1930 2  Praha; 50 0274633 14 4893417 200 1  1 
e1da58f3-b787-4e72-9ede-49c25e2757b0 ;Electrolyte ; CZ0411  ;Chebská 255 Mariánské Lázně; 49 9641417 12 7004872 200 1 1 1 
f0464223-6cd1-4b2d-ad2f-f54663ed68d6 ;Electrolyte  - odběrové místo Náchod; CZ0523  ;Hurdálkova 147  547 01 Náchod; 50 4167378 16 1655728 1000   1 
2c400476-462e-40da-be55-9bdd3a0d8b4c ;EliteMedical ; CZ0100 1 ;Na Příkopě 859 22  110 00 Praha 1 - Nové Město; 50 0864122 14 4273183 20 1  1 
7bd73b5c-75de-4a3f-b689-b0f65be7857f ;Elphogene  - odběrové místo Stříbro; CZ0327  ;Revoluční 712  349 01 Stříbro; 49 7556228 12 9928947 100 1 1  1
523bb7a3-b5aa-45d8-b570-6dc2bf923325 ;EuroCentrumHelp z s  Rohatec - mobilní odběrový tým;   ;Strážnická 615 1  696 01 Rohatec; 48 8866342 17 1904917 0   1 1
91c26934-6798-45ab-a906-d11eb7feda49 ;FIRM CLINIC  - odběrové místo Jesenice; CZ020A 1    1000   1 1
087c05c3-584a-4b6f-8da5-d6d250b0a216 ;FN Brno Bohunice - mobilní odběrové místo; CZ0642  ;Jihlavská 20  Brno 62500; 49 1755828 16 5704460 160    
20cb8476-3ade-499b-a22f-1f2c4a327e68 ;FN Brno Bohunice - odběrová sanita; CZ0642 1 ;Jihlavská 20  Brno 62500; 49 1755828 16 5704460 40    
2d70e258-ae98-4ac6-90bd-859629c8de0f ;FN Brno Dětská nemocnice; CZ0642 1 ;Černopolní 9 Brno 61300; 49 2047950 16 6182840 150   1 
72833400-602c-4775-bffe-452d297a6b23 ;FYZIOklinika Praha-Chodov; CZ0100 1 ;Machkova 1642 2; 50 0326878 14 5132733 2000 1 1 1 
03398a47-f8f1-491b-9443-ad1cfadcaafb ;Fakultní nemocnice Brno Bohunice; CZ0642 1 ;Jihlavská 20  625 00  Brno; 49 1749915 16 5768426 168   1 
9133b301-77e5-4919-897e-6be3031bded9 ;Fakultní nemocnice Bulovka; CZ0100 1 ;Budínova 67 2 Praha 8 – Libeň 180 81; 50 1146789 14 4596270 600 1 1 1 
f764ba71-e537-4b04-bfd1-ff3c491d558e ;Fakultní nemocnice Hradec Králové; CZ0521 1 ;Sokolská 581  500 05 Hradec Králové - Nový Hradec Králové; 50 1948197 15 8259767 200 1  1 1
d9da6ab0-e5d4-4ca0-b572-5e260b8a2999 ;Fakultní nemocnice Královské Vinohrady; CZ0100 1 ;Šrobárova 1150 50  100 34 Praha 10; 50 0741119 14 4772378 50 1  1 
9b9662d8-5291-4f49-a1eb-b11f160f40d1 ;Fakultní nemocnice Olomouc; CZ0712 1 ;I P  Pavlova 185 6  779 00 Olomouc; 49 5854950 17 2372556 1000   1 
f240d6a1-e736-4736-b8ce-b6d13dd96282 ;Fakultní nemocnice Ostrava; CZ0806 1 ;17  listopadu 1790 5  708 52 Ostrava-Poruba; 49 8268325 18 1591575 1200 1  1 
7d8ac196-3273-4e2e-8cd4-ffbbec0a9763 ;Fakultní nemocnice Plzeň; CZ0323 1 ;Edvarda Beneše 1128 13  305 99 Plzeň-Bory; 49 7360531 13 3733178 2000   1 1
8d415369-76cc-4dd6-86bc-cefc2cef200d ;Fakultní nemocnice U Svaté Anny; CZ0642 1 ;FNUSA Pavilon C  Leitnerova  Brno; 49 1907600 16 6023090 120 1  1 
7b786058-dfe9-487e-9f8a-9a7cc18464f2 ;Fakultní nemocnice v Motole; CZ0100 1 ;V Úvalu 84  15006  Praha 5; 50 0731780 14 3446610 40   1 
b1016254-a702-4938-a292-4272b45bc4c1 ;Feel Care  - odběrové místo Praha 1 Opatovická; CZ0100 1 ;Opatovická 9  110 00 Praha 1; 50 0795389 14 4173592 0 1  1 
e3319b75-0002-43ad-9c30-c5a707a7d3f0 ;Filip Chaloupek - EMS Liberec; CZ0513 1 ;Broumovská 843 11  Liberec;   50 1  1 
6bd873a3-677a-4738-8fe3-75427237ff9c ;Forenzní DNA servis  - odběrové místo FN Bulovka; CZ0100 1 ;Bulovka 1606 1  Praha 8; 50 1146572 14 4602825 40 1   
50b27311-a9e5-45d0-a613-664bc8c1bea8 ;Františkovy Lázně AQUAFORUM ; CZ0411 1 ;5 Května 9  351 01  Františkovy Lázně; 50 1181875 12 3574319 600 1  1 
b107e94f-4952-4e8c-974f-5f0a2d30e3ec ;GDPR4Med   ord prac  lékařství Medilam ergonomics  - OM Opava; CZ0805  ;Krnovská 57 14  746 01 Opava - Předměstí; 49 9413475 17 8967603 100 1  1 
4eb9078b-65a9-47cb-82c1-36c208b9c925 ;GEN-TREND  - odběrové místo Rudolfov; CZ0311 1 ;Hůry 149  Rudolfov 373 71; 49 0125264 14 5406686 150 1  1 1
5156d2b6-f31b-4cd0-9fba-30ab77157d90 ;GENvia  - Nuselská poliklinika; CZ0100 1 ;Nuselská poliklinika  Táborská 325 57  140 00 Praha 4 - Nusle; 50 0629900 14 4412100 500 1  1 
751cb532-19fe-45bb-ba97-a95aab7efc1a ;GENvia   - Pankrác; CZ0100  ;Milevská 1695 7  140 00 Praha 4 - Krč; 50 0493483 14 4380014 1000 1  1 
6e366573-637b-44ba-b8d6-aab0fd01600a ;GENvia   - odběrové místo Kamýk; CZ0100  ;Těšíkova 912 1; 50 0150283 14 4272694 1000 1  1 
51ace0e4-8a14-42ed-a752-2bf86d89f3d4 ;GENvia   - odběrové místo OC Galerie Butovice; CZ0100  ;Radlická 117; 50 0481958 14 3546242 1000 1  1 
75fe31de-9fe6-4758-b604-5fbf9d05eca2 ;GENvia   - odběrové místo Rokycany; CZ0326  ;Odpočívka Rokycany  58 8 km (P)  Rokycany - Borek; 49 7579519 13 6166961 500 1  1 
7b4854d4-4f46-4719-bdcf-9e4024860624 ;GENvia   - odběrové místo Šlovice; CZ0324  ;Odpočívka Šlovice  83 2 km (P)  Dobřany - Šlovice; 49 6781475 13 3295697 500 1  1 
d880adb6-3f63-4fc1-8bcd-f7e87d2cce79 ;GHC GENETICS - Vítězné náměstí; CZ0100 1 ;Vítězné náměstí  Praha 6 ; 50 1017797 14 3929494 100 1  1 
2a8e40a8-5df4-4c2b-bca7-56e5e884ee9a ;GHC GENETICS - Výstaviště Holešovice DRIVE-IN; CZ0100  ;Výstaviště 67  Bubeneč  Praha 7  170 00; 50 1054428 14 4328139 100 1  1 1
5a136b42-596b-4b38-8582-d160c5c8e85e ;GHC Genetics - Letiště Václava Havla; CZ0100 1 ;Aviatická  160 00 Praha 6; 50 1063694 14 2665906 200 1  1 
46d37803-4d08-4ab4-8f65-6e517a33f8f0 ;GHC Genetics - PVA Letňany DRIVE-IN; CZ0100  ;Parkoviště Pražský veletržní areál Letňany  Praha - Letňany; 50 1281075 14 5153736 120 1  1 1
26a303b7-51b5-4ba4-8b55-7dab73a8a77e ;GHC Genetics - odběrové místo Benešov Ke Stadionu; CZ0201 1 ;Ke Stadionu 2045  256 01 Benešov; 49 7760342 14 6763025 500 1   
8335e7c0-ca4f-4003-9a98-f7d926917644 ;GHC Genetics - odběrové místo Brandýs nad Labem - Zápy; CZ0209 1 ;Zápy 301  250 61 Brandýs nad Labem; 50 1767239 14 6716722 500 1   1
2c402300-9908-4f0b-b7d9-8dc5809f0832 ;GHC Genetics - odběrové místo Hamr Vltavanů; CZ0100 1 ;Vltavanů 1524  140 00 Praha 4; 50 0275622 14 4032408 500 1   1
cb3930be-4100-4492-8d6e-0f486ffa5042 ;GHC Genetics - odběrové místo Hamr Záběhlická; CZ0100 1 ;Záběhlická 3203 60  100 00 Praha 10; 50 0542975 14 4862744 1000 1   1
806141b6-146a-468d-bb2a-a31b29209154 ;GHC Genetics - odběrové místo Jesenická poliklinika; CZ0711 1 ;Dukelská 456 13  790 01 Jeseník; 50 2261314 17 2003969 500 1  1 
8ce794c1-ad33-4ad1-b1fb-0a4b68e77dbd ;GHC Genetics - odběrové místo Kladno Arménská; CZ0203 1 ;Arménská 3277  272 01 Kladno; 50 1336836 14 1393592 500 1   1
f28ea6a1-3a46-4cb0-abd2-e01fd784129a ;GHC Genetics - odběrové místo Liberec České Mládeže; CZ0513  ;České mládeže 456  463 12 Liberec; 50 7414736 15 0490750 500 1   
3b9417ae-1c0b-47fa-b36e-87d4329ef506 ;GHC Genetics - odběrové místo Makro Chlumecká; CZ0100 1 ;Chlumecká 2424  198 00 Praha Horní Počernice; 50 1114853 14 5776111 1000 1   1
32e47ce9-e09b-4cf2-ad34-701a16b5e010 ;GHC Genetics - odběrové místo Mariánské náměstí; CZ0100  ;Mariánské náměstí 2  11000  Praha 1; 50 0868892 14 4174425 250 1  1 
36b3d2df-70a6-4b92-b5f6-f9683e95d5cc ;GHC Genetics - odběrové místo Masarykovo nám  Vizovice; CZ0724 1 ;Masarykovo nám  762  763 12 Vizovice; 49 2206414 17 8520786 500 1  1 
cbdc9861-76b7-41c9-a5fb-7cac2489ecab ;GHC Genetics - odběrové místo Mladá Boleslav Jičínská; CZ0207 1 ;Jičínská 1350 3  29301 Mladá Boleslav; 50 4082833 14 9406967 500 1   